lm,domain,train,validation,test
t5-small-squad,new_wiki,2646,1323,3969
t5-small-squad,reddit,3268,1634,4901
t5-small-squad,amazon,3295,1648,4942
t5-small-squad,nyt,3355,1678,5032
t5-base-squad,new_wiki,2646,1323,3969
t5-base-squad,reddit,3268,1634,4901
t5-base-squad,amazon,3295,1648,4942
t5-base-squad,nyt,3355,1678,5032
t5-large-squad,new_wiki,2646,1323,3969
t5-large-squad,reddit,3268,1634,4901
t5-large-squad,amazon,3295,1648,4942
t5-large-squad,nyt,3355,1678,5032
t5-small-squad-multitask,new_wiki,12744,6443,3969
t5-small-squad-multitask,reddit,30485,14888,4901
t5-small-squad-multitask,amazon,29382,14628,4942
t5-small-squad-multitask,nyt,20625,10269,5032
t5-base-squad-multitask,new_wiki,12877,6525,3969
t5-base-squad-multitask,reddit,30655,15058,4901
t5-base-squad-multitask,amazon,29438,14689,4942
t5-base-squad-multitask,nyt,20850,10395,5032
t5-large-squad-multitask,new_wiki,12949,6562,3969
t5-large-squad-multitask,reddit,31147,15275,4901
t5-large-squad-multitask,amazon,29607,14783,4942
t5-large-squad-multitask,nyt,20939,10416,5032
bart-base-squad,new_wiki,2646,1323,3969
bart-base-squad,reddit,3268,1634,4901
bart-base-squad,amazon,3295,1648,4942
bart-base-squad,nyt,3355,1678,5032
bart-large-squad,new_wiki,2646,1323,3969
bart-large-squad,reddit,3268,1634,4901
bart-large-squad,amazon,3295,1648,4942
bart-large-squad,nyt,3355,1678,5032
