model,language model,training data,test data,test data type,Bleu_1,Bleu_2,Bleu_3,Bleu_4,METEOR,ROUGE_L,BERTScore,MoverScore
[`lmqg/t5-small-squad-qg`](https://huggingface.co/lmqg/t5-small-squad-qg),[`t5-small`](https://huggingface.co/t5-small),[`lmqg/qg_squad`](https://huggingface.co/datasets/lmqg/qg_squad),[`lmqg/qg_subjqa`](https://huggingface.co/datasets/lmqg/qg_subjqa),books,8.28,3.24,1.07,0.0,12.3,10.88,87.4,55.34
[`lmqg/t5-small-subjqa-books-qg`](https://huggingface.co/lmqg/t5-small-subjqa-books-qg),[`t5-small`](https://huggingface.co/t5-small),[`lmqg/qg_squad`](https://huggingface.co/datasets/lmqg/qg_squad) + [`lmqg/qg_subjqa`](https://huggingface.co/datasets/lmqg/qg_subjqa),[`lmqg/qg_subjqa`](https://huggingface.co/datasets/lmqg/qg_subjqa),books,18.61,9.85,2.33,0.0,18.52,19.77,92.4,61.46
[`research-backup/t5-small-subjqa-vanilla-books-qg`](https://huggingface.co/research-backup/t5-small-subjqa-vanilla-books-qg),[`t5-small`](https://huggingface.co/t5-small),[`lmqg/qg_subjqa`](https://huggingface.co/datasets/lmqg/qg_subjqa),[`lmqg/qg_subjqa`](https://huggingface.co/datasets/lmqg/qg_subjqa),books,3.25,0.68,0.0,0.0,3.87,4.4,72.1,49.58
[`lmqg/t5-small-squad-qg`](https://huggingface.co/lmqg/t5-small-squad-qg),[`t5-small`](https://huggingface.co/t5-small),[`lmqg/qg_squad`](https://huggingface.co/datasets/lmqg/qg_squad),[`lmqg/qg_subjqa`](https://huggingface.co/datasets/lmqg/qg_subjqa),electronics,11.34,6.33,2.58,1.16,15.49,15.62,87.12,55.55
[`lmqg/t5-small-subjqa-electronics-qg`](https://huggingface.co/lmqg/t5-small-subjqa-electronics-qg),[`t5-small`](https://huggingface.co/t5-small),[`lmqg/qg_squad`](https://huggingface.co/datasets/lmqg/qg_squad) + [`lmqg/qg_subjqa`](https://huggingface.co/datasets/lmqg/qg_subjqa),[`lmqg/qg_subjqa`](https://huggingface.co/datasets/lmqg/qg_subjqa),electronics,28.33,20.24,9.3,0.0,26.95,29.65,94.18,68.29
[`research-backup/t5-small-subjqa-vanilla-electronics-qg`](https://huggingface.co/research-backup/t5-small-subjqa-vanilla-electronics-qg),[`t5-small`](https://huggingface.co/t5-small),[`lmqg/qg_subjqa`](https://huggingface.co/datasets/lmqg/qg_subjqa),[`lmqg/qg_subjqa`](https://huggingface.co/datasets/lmqg/qg_subjqa),electronics,2.89,0.7,0.0,0.0,2.64,2.38,52.85,49.57
[`lmqg/t5-small-squad-qg`](https://huggingface.co/lmqg/t5-small-squad-qg),[`t5-small`](https://huggingface.co/t5-small),[`lmqg/qg_squad`](https://huggingface.co/datasets/lmqg/qg_squad),[`lmqg/qg_subjqa`](https://huggingface.co/datasets/lmqg/qg_subjqa),grocery,9.04,4.08,1.28,0.52,14.95,12.63,87.22,57.12
[`lmqg/t5-small-subjqa-grocery-qg`](https://huggingface.co/lmqg/t5-small-subjqa-grocery-qg),[`t5-small`](https://huggingface.co/t5-small),[`lmqg/qg_squad`](https://huggingface.co/datasets/lmqg/qg_squad) + [`lmqg/qg_subjqa`](https://huggingface.co/datasets/lmqg/qg_subjqa),[`lmqg/qg_subjqa`](https://huggingface.co/datasets/lmqg/qg_subjqa),grocery,20.56,13.02,5.11,0.0,23.31,22.17,93.24,65.64
[`research-backup/t5-small-subjqa-vanilla-grocery-qg`](https://huggingface.co/research-backup/t5-small-subjqa-vanilla-grocery-qg),[`t5-small`](https://huggingface.co/t5-small),[`lmqg/qg_subjqa`](https://huggingface.co/datasets/lmqg/qg_subjqa),[`lmqg/qg_subjqa`](https://huggingface.co/datasets/lmqg/qg_subjqa),grocery,3.07,0.56,0.0,0.0,5.04,4.54,80.35,50.49
[`lmqg/t5-small-squad-qg`](https://huggingface.co/lmqg/t5-small-squad-qg),[`t5-small`](https://huggingface.co/t5-small),[`lmqg/qg_squad`](https://huggingface.co/datasets/lmqg/qg_squad),[`lmqg/qg_subjqa`](https://huggingface.co/datasets/lmqg/qg_subjqa),movies,9.57,4.04,1.06,0.0,12.11,12.63,86.84,55.01
[`lmqg/t5-small-subjqa-movies-qg`](https://huggingface.co/lmqg/t5-small-subjqa-movies-qg),[`t5-small`](https://huggingface.co/t5-small),[`lmqg/qg_squad`](https://huggingface.co/datasets/lmqg/qg_squad) + [`lmqg/qg_subjqa`](https://huggingface.co/datasets/lmqg/qg_subjqa),[`lmqg/qg_subjqa`](https://huggingface.co/datasets/lmqg/qg_subjqa),movies,23.51,15.04,4.37,0.0,22.54,25.76,94.08,64.63
[`research-backup/t5-small-subjqa-vanilla-movies-qg`](https://huggingface.co/research-backup/t5-small-subjqa-vanilla-movies-qg),[`t5-small`](https://huggingface.co/t5-small),[`lmqg/qg_subjqa`](https://huggingface.co/datasets/lmqg/qg_subjqa),[`lmqg/qg_subjqa`](https://huggingface.co/datasets/lmqg/qg_subjqa),movies,0.17,0.0,0.0,0.0,0.22,0.28,4.78,49.11
[`lmqg/t5-small-squad-qg`](https://huggingface.co/lmqg/t5-small-squad-qg),[`t5-small`](https://huggingface.co/t5-small),[`lmqg/qg_squad`](https://huggingface.co/datasets/lmqg/qg_squad),[`lmqg/qg_subjqa`](https://huggingface.co/datasets/lmqg/qg_subjqa),restaurants,8.21,3.27,0.0,0.0,12.67,11.53,87.49,55.04
[`lmqg/t5-small-subjqa-restaurants-qg`](https://huggingface.co/lmqg/t5-small-subjqa-restaurants-qg),[`t5-small`](https://huggingface.co/t5-small),[`lmqg/qg_squad`](https://huggingface.co/datasets/lmqg/qg_squad) + [`lmqg/qg_subjqa`](https://huggingface.co/datasets/lmqg/qg_subjqa),[`lmqg/qg_subjqa`](https://huggingface.co/datasets/lmqg/qg_subjqa),restaurants,8.48,3.57,0.0,0.0,13.21,11.72,87.81,55.42
[`research-backup/t5-small-subjqa-vanilla-restaurants-qg`](https://huggingface.co/research-backup/t5-small-subjqa-vanilla-restaurants-qg),[`t5-small`](https://huggingface.co/t5-small),[`lmqg/qg_subjqa`](https://huggingface.co/datasets/lmqg/qg_subjqa),[`lmqg/qg_subjqa`](https://huggingface.co/datasets/lmqg/qg_subjqa),restaurants,1.75,0.0,0.0,0.0,0.97,0.73,12.27,49.45
[`lmqg/t5-small-squad-qg`](https://huggingface.co/lmqg/t5-small-squad-qg),[`t5-small`](https://huggingface.co/t5-small),[`lmqg/qg_squad`](https://huggingface.co/datasets/lmqg/qg_squad),[`lmqg/qg_subjqa`](https://huggingface.co/datasets/lmqg/qg_subjqa),tripadvisor,10.22,5.03,2.42,1.46,15.53,14.24,88.4,55.91
[`lmqg/t5-small-subjqa-tripadvisor-qg`](https://huggingface.co/lmqg/t5-small-subjqa-tripadvisor-qg),[`t5-small`](https://huggingface.co/t5-small),[`lmqg/qg_squad`](https://huggingface.co/datasets/lmqg/qg_squad) + [`lmqg/qg_subjqa`](https://huggingface.co/datasets/lmqg/qg_subjqa),[`lmqg/qg_subjqa`](https://huggingface.co/datasets/lmqg/qg_subjqa),tripadvisor,22.04,13.92,5.94,2.49,25.56,23.91,93.75,66.57
[`research-backup/t5-small-subjqa-vanilla-tripadvisor-qg`](https://huggingface.co/research-backup/t5-small-subjqa-vanilla-tripadvisor-qg),[`t5-small`](https://huggingface.co/t5-small),[`lmqg/qg_subjqa`](https://huggingface.co/datasets/lmqg/qg_subjqa),[`lmqg/qg_subjqa`](https://huggingface.co/datasets/lmqg/qg_subjqa),tripadvisor,3.32,0.66,0.0,0.0,4.89,5.78,82.14,49.59
[`lmqg/t5-small-squad-qg`](https://huggingface.co/lmqg/t5-small-squad-qg),[`t5-small`](https://huggingface.co/t5-small),[`lmqg/qg_squad`](https://huggingface.co/datasets/lmqg/qg_squad),[`lmqg/qg_squadshifts`](https://huggingface.co/datasets/lmqg/qg_squadshifts),new_wiki,28.42,19.24,13.91,10.48,26.21,28.11,92.61,65.05
[`lmqg/t5-small-squadshifts-new_wiki-qg`](https://huggingface.co/lmqg/t5-small-squadshifts-new_wiki-qg),[`t5-small`](https://huggingface.co/t5-small),[`lmqg/qg_squad`](https://huggingface.co/datasets/lmqg/qg_squad) + [`lmqg/qg_squadshifts`](https://huggingface.co/datasets/lmqg/qg_squadshifts),[`lmqg/qg_squadshifts`](https://huggingface.co/datasets/lmqg/qg_squadshifts),new_wiki,28.81,19.69,14.33,10.9,25.95,28.18,92.63,65.04
[`research-backup/t5-small-squadshifts-vanilla-new_wiki-qg`](https://huggingface.co/research-backup/t5-small-squadshifts-vanilla-new_wiki-qg),[`t5-small`](https://huggingface.co/t5-small),[`lmqg/qg_squadshifts`](https://huggingface.co/datasets/lmqg/qg_squadshifts),[`lmqg/qg_squadshifts`](https://huggingface.co/datasets/lmqg/qg_squadshifts),new_wiki,6.9,2.75,1.38,0.81,8.26,8.85,83.08,52.25
[`lmqg/t5-small-squad-qg`](https://huggingface.co/lmqg/t5-small-squad-qg),[`t5-small`](https://huggingface.co/t5-small),[`lmqg/qg_squad`](https://huggingface.co/datasets/lmqg/qg_squad),[`lmqg/qg_squadshifts`](https://huggingface.co/datasets/lmqg/qg_squadshifts),nyt,22.25,14.19,9.75,6.97,23.66,23.03,91.71,62.86
[`lmqg/t5-small-squadshifts-nyt-qg`](https://huggingface.co/lmqg/t5-small-squadshifts-nyt-qg),[`t5-small`](https://huggingface.co/t5-small),[`lmqg/qg_squad`](https://huggingface.co/datasets/lmqg/qg_squad) + [`lmqg/qg_squadshifts`](https://huggingface.co/datasets/lmqg/qg_squadshifts),[`lmqg/qg_squadshifts`](https://huggingface.co/datasets/lmqg/qg_squadshifts),nyt,23.37,15.24,10.64,7.71,23.7,23.43,92.2,63.71
[`research-backup/t5-small-squadshifts-vanilla-nyt-qg`](https://huggingface.co/research-backup/t5-small-squadshifts-vanilla-nyt-qg),[`t5-small`](https://huggingface.co/t5-small),[`lmqg/qg_squadshifts`](https://huggingface.co/datasets/lmqg/qg_squadshifts),[`lmqg/qg_squadshifts`](https://huggingface.co/datasets/lmqg/qg_squadshifts),nyt,4.84,1.7,0.82,0.47,4.08,3.43,49.72,48.95
[`lmqg/t5-small-squad-qg`](https://huggingface.co/lmqg/t5-small-squad-qg),[`t5-small`](https://huggingface.co/t5-small),[`lmqg/qg_squad`](https://huggingface.co/datasets/lmqg/qg_squad),[`lmqg/qg_squadshifts`](https://huggingface.co/datasets/lmqg/qg_squadshifts),reddit,18.85,11.24,7.11,4.75,19.8,20.1,89.57,59.23
[`lmqg/t5-small-squadshifts-reddit-qg`](https://huggingface.co/lmqg/t5-small-squadshifts-reddit-qg),[`t5-small`](https://huggingface.co/t5-small),[`lmqg/qg_squad`](https://huggingface.co/datasets/lmqg/qg_squad) + [`lmqg/qg_squadshifts`](https://huggingface.co/datasets/lmqg/qg_squadshifts),[`lmqg/qg_squadshifts`](https://huggingface.co/datasets/lmqg/qg_squadshifts),reddit,25.11,16.32,10.93,7.6,21.9,24.9,91.7,61.39
[`research-backup/t5-small-squadshifts-vanilla-reddit-qg`](https://huggingface.co/research-backup/t5-small-squadshifts-vanilla-reddit-qg),[`t5-small`](https://huggingface.co/t5-small),[`lmqg/qg_squadshifts`](https://huggingface.co/datasets/lmqg/qg_squadshifts),[`lmqg/qg_squadshifts`](https://huggingface.co/datasets/lmqg/qg_squadshifts),reddit,4.1,1.33,0.58,0.3,5.87,5.06,82.11,50.98
[`lmqg/t5-small-squad-qg`](https://huggingface.co/lmqg/t5-small-squad-qg),[`t5-small`](https://huggingface.co/t5-small),[`lmqg/qg_squad`](https://huggingface.co/datasets/lmqg/qg_squad),[`lmqg/qg_squadshifts`](https://huggingface.co/datasets/lmqg/qg_squadshifts),amazon,21.02,12.77,8.19,5.45,20.75,22.97,89.94,59.79
[`lmqg/t5-small-squadshifts-amazon-qg`](https://huggingface.co/lmqg/t5-small-squadshifts-amazon-qg),[`t5-small`](https://huggingface.co/t5-small),[`lmqg/qg_squad`](https://huggingface.co/datasets/lmqg/qg_squad) + [`lmqg/qg_squadshifts`](https://huggingface.co/datasets/lmqg/qg_squadshifts),[`lmqg/qg_squadshifts`](https://huggingface.co/datasets/lmqg/qg_squadshifts),amazon,27.07,17.93,12.09,8.41,22.17,27.04,91.89,62.11
[`research-backup/t5-small-squadshifts-vanilla-amazon-qg`](https://huggingface.co/research-backup/t5-small-squadshifts-vanilla-amazon-qg),[`t5-small`](https://huggingface.co/t5-small),[`lmqg/qg_squadshifts`](https://huggingface.co/datasets/lmqg/qg_squadshifts),[`lmqg/qg_squadshifts`](https://huggingface.co/datasets/lmqg/qg_squadshifts),amazon,4.56,1.45,0.6,0.3,5.27,5.59,81.77,50.5
[`lmqg/t5-base-squad-qg`](https://huggingface.co/lmqg/t5-base-squad-qg),[`t5-base`](https://huggingface.co/t5-base),[`lmqg/qg_squad`](https://huggingface.co/datasets/lmqg/qg_squad),[`lmqg/qg_subjqa`](https://huggingface.co/datasets/lmqg/qg_subjqa),books,7.32,2.44,0.92,0.49,13.51,9.44,88.14,55.65
[`lmqg/t5-base-subjqa-books-qg`](https://huggingface.co/lmqg/t5-base-subjqa-books-qg),[`t5-base`](https://huggingface.co/t5-base),[`lmqg/qg_squad`](https://huggingface.co/datasets/lmqg/qg_squad) + [`lmqg/qg_subjqa`](https://huggingface.co/datasets/lmqg/qg_subjqa),[`lmqg/qg_subjqa`](https://huggingface.co/datasets/lmqg/qg_subjqa),books,21.52,12.47,2.82,0.0,21.2,22.95,93.32,63.14
[`research-backup/t5-base-subjqa-vanilla-books-qg`](https://huggingface.co/research-backup/t5-base-subjqa-vanilla-books-qg),[`t5-base`](https://huggingface.co/t5-base),[`lmqg/qg_subjqa`](https://huggingface.co/datasets/lmqg/qg_subjqa),[`lmqg/qg_subjqa`](https://huggingface.co/datasets/lmqg/qg_subjqa),books,1.42,0.69,0.0,0.0,0.84,0.54,81.1,50.99
[`lmqg/t5-base-squad-qg`](https://huggingface.co/lmqg/t5-base-squad-qg),[`t5-base`](https://huggingface.co/t5-base),[`lmqg/qg_squad`](https://huggingface.co/datasets/lmqg/qg_squad),[`lmqg/qg_subjqa`](https://huggingface.co/datasets/lmqg/qg_subjqa),electronics,9.98,4.46,1.45,0.0,16.53,13.48,87.71,55.77
[`lmqg/t5-base-subjqa-electronics-qg`](https://huggingface.co/lmqg/t5-base-subjqa-electronics-qg),[`t5-base`](https://huggingface.co/t5-base),[`lmqg/qg_squad`](https://huggingface.co/datasets/lmqg/qg_squad) + [`lmqg/qg_subjqa`](https://huggingface.co/datasets/lmqg/qg_subjqa),[`lmqg/qg_subjqa`](https://huggingface.co/datasets/lmqg/qg_subjqa),electronics,28.95,21.03,10.73,4.55,27.39,29.99,94.26,68.33
[`research-backup/t5-base-subjqa-vanilla-electronics-qg`](https://huggingface.co/research-backup/t5-base-subjqa-vanilla-electronics-qg),[`t5-base`](https://huggingface.co/t5-base),[`lmqg/qg_subjqa`](https://huggingface.co/datasets/lmqg/qg_subjqa),[`lmqg/qg_subjqa`](https://huggingface.co/datasets/lmqg/qg_subjqa),electronics,1.31,0.49,0.0,0.0,0.99,0.65,77.85,51.56
[`lmqg/t5-base-squad-qg`](https://huggingface.co/lmqg/t5-base-squad-qg),[`t5-base`](https://huggingface.co/t5-base),[`lmqg/qg_squad`](https://huggingface.co/datasets/lmqg/qg_squad),[`lmqg/qg_subjqa`](https://huggingface.co/datasets/lmqg/qg_subjqa),grocery,7.54,2.98,0.0,0.0,16.24,10.26,87.46,56.59
[`lmqg/t5-base-subjqa-grocery-qg`](https://huggingface.co/lmqg/t5-base-subjqa-grocery-qg),[`t5-base`](https://huggingface.co/t5-base),[`lmqg/qg_squad`](https://huggingface.co/datasets/lmqg/qg_squad) + [`lmqg/qg_subjqa`](https://huggingface.co/datasets/lmqg/qg_subjqa),[`lmqg/qg_subjqa`](https://huggingface.co/datasets/lmqg/qg_subjqa),grocery,12.06,6.14,2.05,0.83,19.87,15.63,90.56,61.47
[`research-backup/t5-base-subjqa-vanilla-grocery-qg`](https://huggingface.co/research-backup/t5-base-subjqa-vanilla-grocery-qg),[`t5-base`](https://huggingface.co/t5-base),[`lmqg/qg_subjqa`](https://huggingface.co/datasets/lmqg/qg_subjqa),[`lmqg/qg_subjqa`](https://huggingface.co/datasets/lmqg/qg_subjqa),grocery,3.05,0.88,0.0,0.0,2.08,1.33,78.84,51.78
[`lmqg/t5-base-squad-qg`](https://huggingface.co/lmqg/t5-base-squad-qg),[`t5-base`](https://huggingface.co/t5-base),[`lmqg/qg_squad`](https://huggingface.co/datasets/lmqg/qg_squad),[`lmqg/qg_subjqa`](https://huggingface.co/datasets/lmqg/qg_subjqa),movies,9.04,3.69,1.46,0.72,13.06,11.89,87.66,55.45
[`lmqg/t5-base-subjqa-movies-qg`](https://huggingface.co/lmqg/t5-base-subjqa-movies-qg),[`t5-base`](https://huggingface.co/t5-base),[`lmqg/qg_squad`](https://huggingface.co/datasets/lmqg/qg_squad) + [`lmqg/qg_subjqa`](https://huggingface.co/datasets/lmqg/qg_subjqa),[`lmqg/qg_subjqa`](https://huggingface.co/datasets/lmqg/qg_subjqa),movies,24.5,16.08,5.72,2.65,23.11,26.33,94.13,64.91
[`research-backup/t5-base-subjqa-vanilla-movies-qg`](https://huggingface.co/research-backup/t5-base-subjqa-vanilla-movies-qg),[`t5-base`](https://huggingface.co/t5-base),[`lmqg/qg_subjqa`](https://huggingface.co/datasets/lmqg/qg_subjqa),[`lmqg/qg_subjqa`](https://huggingface.co/datasets/lmqg/qg_subjqa),movies,2.97,1.12,0.0,0.0,1.3,1.21,81.34,51.1
[`lmqg/t5-base-squad-qg`](https://huggingface.co/lmqg/t5-base-squad-qg),[`t5-base`](https://huggingface.co/t5-base),[`lmqg/qg_squad`](https://huggingface.co/datasets/lmqg/qg_squad),[`lmqg/qg_subjqa`](https://huggingface.co/datasets/lmqg/qg_subjqa),restaurants,7.84,2.99,0.0,0.0,13.3,10.7,87.83,55.45
[`lmqg/t5-base-subjqa-restaurants-qg`](https://huggingface.co/lmqg/t5-base-subjqa-restaurants-qg),[`t5-base`](https://huggingface.co/t5-base),[`lmqg/qg_squad`](https://huggingface.co/datasets/lmqg/qg_squad) + [`lmqg/qg_subjqa`](https://huggingface.co/datasets/lmqg/qg_subjqa),[`lmqg/qg_subjqa`](https://huggingface.co/datasets/lmqg/qg_subjqa),restaurants,8.81,3.68,1.09,0.0,14.75,11.96,88.48,56.19
[`research-backup/t5-base-subjqa-vanilla-restaurants-qg`](https://huggingface.co/research-backup/t5-base-subjqa-vanilla-restaurants-qg),[`t5-base`](https://huggingface.co/t5-base),[`lmqg/qg_subjqa`](https://huggingface.co/datasets/lmqg/qg_subjqa),[`lmqg/qg_subjqa`](https://huggingface.co/datasets/lmqg/qg_subjqa),restaurants,2.76,0.65,0.0,0.0,1.2,1.27,80.29,51.5
[`lmqg/t5-base-squad-qg`](https://huggingface.co/lmqg/t5-base-squad-qg),[`t5-base`](https://huggingface.co/t5-base),[`lmqg/qg_squad`](https://huggingface.co/datasets/lmqg/qg_squad),[`lmqg/qg_subjqa`](https://huggingface.co/datasets/lmqg/qg_subjqa),tripadvisor,10.1,4.12,1.75,0.93,16.51,13.51,89.23,56.67
[`lmqg/t5-base-subjqa-tripadvisor-qg`](https://huggingface.co/lmqg/t5-base-subjqa-tripadvisor-qg),[`t5-base`](https://huggingface.co/t5-base),[`lmqg/qg_squad`](https://huggingface.co/datasets/lmqg/qg_squad) + [`lmqg/qg_subjqa`](https://huggingface.co/datasets/lmqg/qg_subjqa),[`lmqg/qg_subjqa`](https://huggingface.co/datasets/lmqg/qg_subjqa),tripadvisor,12.64,5.96,3.06,1.74,20.13,16.06,90.76,59.7
[`research-backup/t5-base-subjqa-vanilla-tripadvisor-qg`](https://huggingface.co/research-backup/t5-base-subjqa-vanilla-tripadvisor-qg),[`t5-base`](https://huggingface.co/t5-base),[`lmqg/qg_subjqa`](https://huggingface.co/datasets/lmqg/qg_subjqa),[`lmqg/qg_subjqa`](https://huggingface.co/datasets/lmqg/qg_subjqa),tripadvisor,3.53,1.05,0.4,0.0,3.16,2.29,79.47,51.09
[`lmqg/t5-base-squad-qg`](https://huggingface.co/lmqg/t5-base-squad-qg),[`t5-base`](https://huggingface.co/t5-base),[`lmqg/qg_squad`](https://huggingface.co/datasets/lmqg/qg_squad),[`lmqg/qg_squadshifts`](https://huggingface.co/datasets/lmqg/qg_squadshifts),new_wiki,29.73,20.39,14.8,11.09,27.23,29.59,93.02,65.97
[`lmqg/t5-base-squadshifts-new_wiki-qg`](https://huggingface.co/lmqg/t5-base-squadshifts-new_wiki-qg),[`t5-base`](https://huggingface.co/t5-base),[`lmqg/qg_squad`](https://huggingface.co/datasets/lmqg/qg_squad) + [`lmqg/qg_squadshifts`](https://huggingface.co/datasets/lmqg/qg_squadshifts),[`lmqg/qg_squadshifts`](https://huggingface.co/datasets/lmqg/qg_squadshifts),new_wiki,30.1,20.86,15.29,11.67,27.04,29.49,93.07,65.94
[`research-backup/t5-base-squadshifts-vanilla-new_wiki-qg`](https://huggingface.co/research-backup/t5-base-squadshifts-vanilla-new_wiki-qg),[`t5-base`](https://huggingface.co/t5-base),[`lmqg/qg_squadshifts`](https://huggingface.co/datasets/lmqg/qg_squadshifts),[`lmqg/qg_squadshifts`](https://huggingface.co/datasets/lmqg/qg_squadshifts),new_wiki,25.95,17.13,12.18,9.02,22.8,25.64,91.85,62.87
[`lmqg/t5-base-squad-qg`](https://huggingface.co/lmqg/t5-base-squad-qg),[`t5-base`](https://huggingface.co/t5-base),[`lmqg/qg_squad`](https://huggingface.co/datasets/lmqg/qg_squad),[`lmqg/qg_squadshifts`](https://huggingface.co/datasets/lmqg/qg_squadshifts),nyt,23.6,15.47,10.76,7.77,25.16,24.56,92.2,63.83
[`lmqg/t5-base-squadshifts-nyt-qg`](https://huggingface.co/lmqg/t5-base-squadshifts-nyt-qg),[`t5-base`](https://huggingface.co/t5-base),[`lmqg/qg_squad`](https://huggingface.co/datasets/lmqg/qg_squad) + [`lmqg/qg_squadshifts`](https://huggingface.co/datasets/lmqg/qg_squadshifts),[`lmqg/qg_squadshifts`](https://huggingface.co/datasets/lmqg/qg_squadshifts),nyt,24.77,16.48,11.67,8.53,25.21,24.93,92.68,64.7
[`research-backup/t5-base-squadshifts-vanilla-nyt-qg`](https://huggingface.co/research-backup/t5-base-squadshifts-vanilla-nyt-qg),[`t5-base`](https://huggingface.co/t5-base),[`lmqg/qg_squadshifts`](https://huggingface.co/datasets/lmqg/qg_squadshifts),[`lmqg/qg_squadshifts`](https://huggingface.co/datasets/lmqg/qg_squadshifts),nyt,22.57,14.54,10.04,7.23,22.29,22.67,91.86,62.68
[`lmqg/t5-base-squad-qg`](https://huggingface.co/lmqg/t5-base-squad-qg),[`t5-base`](https://huggingface.co/t5-base),[`lmqg/qg_squad`](https://huggingface.co/datasets/lmqg/qg_squad),[`lmqg/qg_squadshifts`](https://huggingface.co/datasets/lmqg/qg_squadshifts),reddit,20.69,12.73,8.31,5.68,21.3,21.96,90.59,60.23
[`lmqg/t5-base-squadshifts-reddit-qg`](https://huggingface.co/lmqg/t5-base-squadshifts-reddit-qg),[`t5-base`](https://huggingface.co/t5-base),[`lmqg/qg_squad`](https://huggingface.co/datasets/lmqg/qg_squad) + [`lmqg/qg_squadshifts`](https://huggingface.co/datasets/lmqg/qg_squadshifts),[`lmqg/qg_squadshifts`](https://huggingface.co/datasets/lmqg/qg_squadshifts),reddit,27.0,18.11,12.38,8.75,23.57,26.84,92.26,62.52
[`research-backup/t5-base-squadshifts-vanilla-reddit-qg`](https://huggingface.co/research-backup/t5-base-squadshifts-vanilla-reddit-qg),[`t5-base`](https://huggingface.co/t5-base),[`lmqg/qg_squadshifts`](https://huggingface.co/datasets/lmqg/qg_squadshifts),[`lmqg/qg_squadshifts`](https://huggingface.co/datasets/lmqg/qg_squadshifts),reddit,23.52,14.84,9.52,6.37,19.69,23.41,91.28,60.19
[`lmqg/t5-base-squad-qg`](https://huggingface.co/lmqg/t5-base-squad-qg),[`t5-base`](https://huggingface.co/t5-base),[`lmqg/qg_squad`](https://huggingface.co/datasets/lmqg/qg_squad),[`lmqg/qg_squadshifts`](https://huggingface.co/datasets/lmqg/qg_squadshifts),amazon,23.0,14.52,9.6,6.57,22.37,24.81,90.75,60.8
[`lmqg/t5-base-squadshifts-amazon-qg`](https://huggingface.co/lmqg/t5-base-squadshifts-amazon-qg),[`t5-base`](https://huggingface.co/t5-base),[`lmqg/qg_squad`](https://huggingface.co/datasets/lmqg/qg_squad) + [`lmqg/qg_squadshifts`](https://huggingface.co/datasets/lmqg/qg_squadshifts),[`lmqg/qg_squadshifts`](https://huggingface.co/datasets/lmqg/qg_squadshifts),amazon,28.75,19.6,13.71,9.8,23.85,28.94,92.43,63.27
[`research-backup/t5-base-squadshifts-vanilla-amazon-qg`](https://huggingface.co/research-backup/t5-base-squadshifts-vanilla-amazon-qg),[`t5-base`](https://huggingface.co/t5-base),[`lmqg/qg_squadshifts`](https://huggingface.co/datasets/lmqg/qg_squadshifts),[`lmqg/qg_squadshifts`](https://huggingface.co/datasets/lmqg/qg_squadshifts),amazon,25.0,16.21,10.74,7.42,20.54,25.43,91.41,61.26
[`lmqg/t5-large-squad-qg`](https://huggingface.co/lmqg/t5-large-squad-qg),[`t5-large`](https://huggingface.co/t5-large),[`lmqg/qg_squad`](https://huggingface.co/datasets/lmqg/qg_squad),[`lmqg/qg_subjqa`](https://huggingface.co/datasets/lmqg/qg_subjqa),books,7.82,2.93,0.82,0.0,11.97,9.87,87.94,55.48
[`lmqg/t5-large-subjqa-books-qg`](https://huggingface.co/lmqg/t5-large-subjqa-books-qg),[`t5-large`](https://huggingface.co/t5-large),[`lmqg/qg_squad`](https://huggingface.co/datasets/lmqg/qg_squad) + [`lmqg/qg_subjqa`](https://huggingface.co/datasets/lmqg/qg_subjqa),[`lmqg/qg_subjqa`](https://huggingface.co/datasets/lmqg/qg_subjqa),books,22.66,13.78,4.31,0.0,20.83,23.68,92.89,62.51
[`research-backup/t5-large-subjqa-vanilla-books-qg`](https://huggingface.co/research-backup/t5-large-subjqa-vanilla-books-qg),[`t5-large`](https://huggingface.co/t5-large),[`lmqg/qg_subjqa`](https://huggingface.co/datasets/lmqg/qg_subjqa),[`lmqg/qg_subjqa`](https://huggingface.co/datasets/lmqg/qg_subjqa),books,4.12,0.78,0.0,0.0,4.63,6.36,82.12,50.29
[`lmqg/t5-large-squad-qg`](https://huggingface.co/lmqg/t5-large-squad-qg),[`t5-large`](https://huggingface.co/t5-large),[`lmqg/qg_squad`](https://huggingface.co/datasets/lmqg/qg_squad),[`lmqg/qg_subjqa`](https://huggingface.co/datasets/lmqg/qg_subjqa),electronics,10.39,5.13,2.03,0.84,16.16,14.13,87.86,56.05
[`lmqg/t5-large-subjqa-electronics-qg`](https://huggingface.co/lmqg/t5-large-subjqa-electronics-qg),[`t5-large`](https://huggingface.co/t5-large),[`lmqg/qg_squad`](https://huggingface.co/datasets/lmqg/qg_squad) + [`lmqg/qg_subjqa`](https://huggingface.co/datasets/lmqg/qg_subjqa),[`lmqg/qg_subjqa`](https://huggingface.co/datasets/lmqg/qg_subjqa),electronics,29.72,21.47,10.86,4.57,27.56,30.55,94.27,68.8
[`research-backup/t5-large-subjqa-vanilla-electronics-qg`](https://huggingface.co/research-backup/t5-large-subjqa-vanilla-electronics-qg),[`t5-large`](https://huggingface.co/t5-large),[`lmqg/qg_subjqa`](https://huggingface.co/datasets/lmqg/qg_subjqa),[`lmqg/qg_subjqa`](https://huggingface.co/datasets/lmqg/qg_subjqa),electronics,5.2,1.22,0.32,0.0,6.49,8.01,81.61,50.46
[`lmqg/t5-large-squad-qg`](https://huggingface.co/lmqg/t5-large-squad-qg),[`t5-large`](https://huggingface.co/t5-large),[`lmqg/qg_squad`](https://huggingface.co/datasets/lmqg/qg_squad),[`lmqg/qg_subjqa`](https://huggingface.co/datasets/lmqg/qg_subjqa),grocery,7.72,3.38,1.48,0.76,15.4,10.5,87.5,56.76
[`lmqg/t5-large-subjqa-grocery-qg`](https://huggingface.co/lmqg/t5-large-subjqa-grocery-qg),[`t5-large`](https://huggingface.co/t5-large),[`lmqg/qg_squad`](https://huggingface.co/datasets/lmqg/qg_squad) + [`lmqg/qg_subjqa`](https://huggingface.co/datasets/lmqg/qg_subjqa),[`lmqg/qg_subjqa`](https://huggingface.co/datasets/lmqg/qg_subjqa),grocery,14.13,7.78,2.94,1.13,20.64,17.4,91.39,63.41
[`research-backup/t5-large-subjqa-vanilla-grocery-qg`](https://huggingface.co/research-backup/t5-large-subjqa-vanilla-grocery-qg),[`t5-large`](https://huggingface.co/t5-large),[`lmqg/qg_subjqa`](https://huggingface.co/datasets/lmqg/qg_subjqa),[`lmqg/qg_subjqa`](https://huggingface.co/datasets/lmqg/qg_subjqa),grocery,3.71,0.72,0.0,0.0,5.82,6.23,81.9,50.91
[`lmqg/t5-large-squad-qg`](https://huggingface.co/lmqg/t5-large-squad-qg),[`t5-large`](https://huggingface.co/t5-large),[`lmqg/qg_squad`](https://huggingface.co/datasets/lmqg/qg_squad),[`lmqg/qg_subjqa`](https://huggingface.co/datasets/lmqg/qg_subjqa),movies,9.3,3.52,1.25,0.0,13.03,12.27,87.34,55.36
[`lmqg/t5-large-subjqa-movies-qg`](https://huggingface.co/lmqg/t5-large-subjqa-movies-qg),[`t5-large`](https://huggingface.co/t5-large),[`lmqg/qg_squad`](https://huggingface.co/datasets/lmqg/qg_squad) + [`lmqg/qg_subjqa`](https://huggingface.co/datasets/lmqg/qg_subjqa),[`lmqg/qg_subjqa`](https://huggingface.co/datasets/lmqg/qg_subjqa),movies,24.15,15.44,5.0,0.0,21.7,25.06,93.64,63.88
[`research-backup/t5-large-subjqa-vanilla-movies-qg`](https://huggingface.co/research-backup/t5-large-subjqa-vanilla-movies-qg),[`t5-large`](https://huggingface.co/t5-large),[`lmqg/qg_subjqa`](https://huggingface.co/datasets/lmqg/qg_subjqa),[`lmqg/qg_subjqa`](https://huggingface.co/datasets/lmqg/qg_subjqa),movies,24.71,15.63,0.0,0.0,19.38,25.55,93.69,61.95
[`lmqg/t5-large-squad-qg`](https://huggingface.co/lmqg/t5-large-squad-qg),[`t5-large`](https://huggingface.co/t5-large),[`lmqg/qg_squad`](https://huggingface.co/datasets/lmqg/qg_squad),[`lmqg/qg_subjqa`](https://huggingface.co/datasets/lmqg/qg_subjqa),restaurants,8.5,3.3,0.0,0.0,12.45,11.93,88.25,55.91
[`lmqg/t5-large-subjqa-restaurants-qg`](https://huggingface.co/lmqg/t5-large-subjqa-restaurants-qg),[`t5-large`](https://huggingface.co/t5-large),[`lmqg/qg_squad`](https://huggingface.co/datasets/lmqg/qg_squad) + [`lmqg/qg_subjqa`](https://huggingface.co/datasets/lmqg/qg_subjqa),[`lmqg/qg_subjqa`](https://huggingface.co/datasets/lmqg/qg_subjqa),restaurants,23.73,15.48,7.05,4.19,21.99,24.94,93.22,63.25
[`research-backup/t5-large-subjqa-vanilla-restaurants-qg`](https://huggingface.co/research-backup/t5-large-subjqa-vanilla-restaurants-qg),[`t5-large`](https://huggingface.co/t5-large),[`lmqg/qg_subjqa`](https://huggingface.co/datasets/lmqg/qg_subjqa),[`lmqg/qg_subjqa`](https://huggingface.co/datasets/lmqg/qg_subjqa),restaurants,3.91,0.73,0.0,0.0,4.61,6.43,80.61,50.31
[`lmqg/t5-large-squad-qg`](https://huggingface.co/lmqg/t5-large-squad-qg),[`t5-large`](https://huggingface.co/t5-large),[`lmqg/qg_squad`](https://huggingface.co/datasets/lmqg/qg_squad),[`lmqg/qg_subjqa`](https://huggingface.co/datasets/lmqg/qg_subjqa),tripadvisor,10.86,4.43,1.72,0.78,16.3,14.59,89.29,56.81
[`lmqg/t5-large-subjqa-tripadvisor-qg`](https://huggingface.co/lmqg/t5-large-subjqa-tripadvisor-qg),[`t5-large`](https://huggingface.co/t5-large),[`lmqg/qg_squad`](https://huggingface.co/datasets/lmqg/qg_squad) + [`lmqg/qg_subjqa`](https://huggingface.co/datasets/lmqg/qg_subjqa),[`lmqg/qg_subjqa`](https://huggingface.co/datasets/lmqg/qg_subjqa),tripadvisor,26.44,17.84,9.13,5.35,27.45,27.69,94.46,67.76
[`research-backup/t5-large-subjqa-vanilla-tripadvisor-qg`](https://huggingface.co/research-backup/t5-large-subjqa-vanilla-tripadvisor-qg),[`t5-large`](https://huggingface.co/t5-large),[`lmqg/qg_subjqa`](https://huggingface.co/datasets/lmqg/qg_subjqa),[`lmqg/qg_subjqa`](https://huggingface.co/datasets/lmqg/qg_subjqa),tripadvisor,2.95,0.73,0.23,0.0,3.86,3.81,78.39,49.03
[`lmqg/t5-large-squad-qg`](https://huggingface.co/lmqg/t5-large-squad-qg),[`t5-large`](https://huggingface.co/t5-large),[`lmqg/qg_squad`](https://huggingface.co/datasets/lmqg/qg_squad),[`lmqg/qg_squadshifts`](https://huggingface.co/datasets/lmqg/qg_squadshifts),new_wiki,30.12,20.66,14.94,11.18,27.92,30.06,93.17,66.31
[`lmqg/t5-large-squadshifts-new_wiki-qg`](https://huggingface.co/lmqg/t5-large-squadshifts-new_wiki-qg),[`t5-large`](https://huggingface.co/t5-large),[`lmqg/qg_squad`](https://huggingface.co/datasets/lmqg/qg_squad) + [`lmqg/qg_squadshifts`](https://huggingface.co/datasets/lmqg/qg_squadshifts),[`lmqg/qg_squadshifts`](https://huggingface.co/datasets/lmqg/qg_squadshifts),new_wiki,30.47,21.33,15.75,12.04,27.67,30.1,93.13,66.31
[`research-backup/t5-large-squadshifts-vanilla-new_wiki-qg`](https://huggingface.co/research-backup/t5-large-squadshifts-vanilla-new_wiki-qg),[`t5-large`](https://huggingface.co/t5-large),[`lmqg/qg_squadshifts`](https://huggingface.co/datasets/lmqg/qg_squadshifts),[`lmqg/qg_squadshifts`](https://huggingface.co/datasets/lmqg/qg_squadshifts),new_wiki,27.41,18.35,13.17,9.88,24.41,26.95,92.34,64.07
[`lmqg/t5-large-squad-qg`](https://huggingface.co/lmqg/t5-large-squad-qg),[`t5-large`](https://huggingface.co/t5-large),[`lmqg/qg_squad`](https://huggingface.co/datasets/lmqg/qg_squad),[`lmqg/qg_squadshifts`](https://huggingface.co/datasets/lmqg/qg_squadshifts),nyt,24.13,15.89,11.13,8.05,25.67,25.19,92.42,64.37
[`lmqg/t5-large-squadshifts-nyt-qg`](https://huggingface.co/lmqg/t5-large-squadshifts-nyt-qg),[`t5-large`](https://huggingface.co/t5-large),[`lmqg/qg_squad`](https://huggingface.co/datasets/lmqg/qg_squad) + [`lmqg/qg_squadshifts`](https://huggingface.co/datasets/lmqg/qg_squadshifts),[`lmqg/qg_squadshifts`](https://huggingface.co/datasets/lmqg/qg_squadshifts),nyt,25.87,17.36,12.41,9.16,25.98,25.97,93.01,65.46
[`research-backup/t5-large-squadshifts-vanilla-nyt-qg`](https://huggingface.co/research-backup/t5-large-squadshifts-vanilla-nyt-qg),[`t5-large`](https://huggingface.co/t5-large),[`lmqg/qg_squadshifts`](https://huggingface.co/datasets/lmqg/qg_squadshifts),[`lmqg/qg_squadshifts`](https://huggingface.co/datasets/lmqg/qg_squadshifts),nyt,23.22,15.19,10.59,7.69,23.29,23.3,92.26,63.63
[`lmqg/t5-large-squad-qg`](https://huggingface.co/lmqg/t5-large-squad-qg),[`t5-large`](https://huggingface.co/t5-large),[`lmqg/qg_squad`](https://huggingface.co/datasets/lmqg/qg_squad),[`lmqg/qg_squadshifts`](https://huggingface.co/datasets/lmqg/qg_squadshifts),reddit,20.89,13.0,8.61,5.95,21.85,21.99,90.95,60.64
[`lmqg/t5-large-squadshifts-reddit-qg`](https://huggingface.co/lmqg/t5-large-squadshifts-reddit-qg),[`t5-large`](https://huggingface.co/t5-large),[`lmqg/qg_squad`](https://huggingface.co/datasets/lmqg/qg_squad) + [`lmqg/qg_squadshifts`](https://huggingface.co/datasets/lmqg/qg_squadshifts),[`lmqg/qg_squadshifts`](https://huggingface.co/datasets/lmqg/qg_squadshifts),reddit,27.4,18.49,12.79,9.16,23.97,27.24,92.43,62.74
[`research-backup/t5-large-squadshifts-vanilla-reddit-qg`](https://huggingface.co/research-backup/t5-large-squadshifts-vanilla-reddit-qg),[`t5-large`](https://huggingface.co/t5-large),[`lmqg/qg_squadshifts`](https://huggingface.co/datasets/lmqg/qg_squadshifts),[`lmqg/qg_squadshifts`](https://huggingface.co/datasets/lmqg/qg_squadshifts),reddit,25.38,16.53,11.0,7.58,21.29,24.96,91.9,61.46
[`lmqg/t5-large-squad-qg`](https://huggingface.co/lmqg/t5-large-squad-qg),[`t5-large`](https://huggingface.co/t5-large),[`lmqg/qg_squad`](https://huggingface.co/datasets/lmqg/qg_squad),[`lmqg/qg_squadshifts`](https://huggingface.co/datasets/lmqg/qg_squadshifts),amazon,23.61,15.0,10.0,6.9,23.01,25.34,91.15,61.22
[`lmqg/t5-large-squadshifts-amazon-qg`](https://huggingface.co/lmqg/t5-large-squadshifts-amazon-qg),[`t5-large`](https://huggingface.co/t5-large),[`lmqg/qg_squad`](https://huggingface.co/datasets/lmqg/qg_squad) + [`lmqg/qg_squadshifts`](https://huggingface.co/datasets/lmqg/qg_squadshifts),[`lmqg/qg_squadshifts`](https://huggingface.co/datasets/lmqg/qg_squadshifts),amazon,29.57,20.46,14.4,10.42,24.39,29.51,92.65,63.71
[`research-backup/t5-large-squadshifts-vanilla-amazon-qg`](https://huggingface.co/research-backup/t5-large-squadshifts-vanilla-amazon-qg),[`t5-large`](https://huggingface.co/t5-large),[`lmqg/qg_squadshifts`](https://huggingface.co/datasets/lmqg/qg_squadshifts),[`lmqg/qg_squadshifts`](https://huggingface.co/datasets/lmqg/qg_squadshifts),amazon,26.63,17.76,12.14,8.53,21.77,26.75,92.03,62.08
[`lmqg/bart-base-squad-qg`](https://huggingface.co/lmqg/bart-base-squad-qg),[`facebook/bart-base`](https://huggingface.co/facebook/bart-base),[`lmqg/qg_squad`](https://huggingface.co/datasets/lmqg/qg_squad),[`lmqg/qg_subjqa`](https://huggingface.co/datasets/lmqg/qg_subjqa),books,8.42,3.26,0.0,0.0,11.52,10.77,87.75,55.21
[`lmqg/bart-base-subjqa-books-qg`](https://huggingface.co/lmqg/bart-base-subjqa-books-qg),[`facebook/bart-base`](https://huggingface.co/facebook/bart-base),[`lmqg/qg_squad`](https://huggingface.co/datasets/lmqg/qg_squad) + [`lmqg/qg_subjqa`](https://huggingface.co/datasets/lmqg/qg_subjqa),[`lmqg/qg_subjqa`](https://huggingface.co/datasets/lmqg/qg_subjqa),books,22.47,13.03,4.52,2.03,20.57,23.24,92.96,62.85
[`research-backup/bart-base-subjqa-vanilla-books-qg`](https://huggingface.co/research-backup/bart-base-subjqa-vanilla-books-qg),[`facebook/bart-base`](https://huggingface.co/facebook/bart-base),[`lmqg/qg_subjqa`](https://huggingface.co/datasets/lmqg/qg_subjqa),[`lmqg/qg_subjqa`](https://huggingface.co/datasets/lmqg/qg_subjqa),books,3.75,1.84,0.52,0.0,11.37,8.31,84.11,52.79
[`lmqg/bart-base-squad-qg`](https://huggingface.co/lmqg/bart-base-squad-qg),[`facebook/bart-base`](https://huggingface.co/facebook/bart-base),[`lmqg/qg_squad`](https://huggingface.co/datasets/lmqg/qg_squad),[`lmqg/qg_subjqa`](https://huggingface.co/datasets/lmqg/qg_subjqa),electronics,10.55,5.28,1.81,0.0,14.87,14.29,87.6,56.07
[`lmqg/bart-base-subjqa-electronics-qg`](https://huggingface.co/lmqg/bart-base-subjqa-electronics-qg),[`facebook/bart-base`](https://huggingface.co/facebook/bart-base),[`lmqg/qg_squad`](https://huggingface.co/datasets/lmqg/qg_squad) + [`lmqg/qg_subjqa`](https://huggingface.co/datasets/lmqg/qg_subjqa),[`lmqg/qg_subjqa`](https://huggingface.co/datasets/lmqg/qg_subjqa),electronics,27.92,20.0,8.41,3.83,25.08,29.41,93.76,66.0
[`research-backup/bart-base-subjqa-vanilla-electronics-qg`](https://huggingface.co/research-backup/bart-base-subjqa-vanilla-electronics-qg),[`facebook/bart-base`](https://huggingface.co/facebook/bart-base),[`lmqg/qg_subjqa`](https://huggingface.co/datasets/lmqg/qg_subjqa),[`lmqg/qg_subjqa`](https://huggingface.co/datasets/lmqg/qg_subjqa),electronics,11.26,7.45,3.0,1.42,19.5,22.87,90.59,62.1
[`lmqg/bart-base-squad-qg`](https://huggingface.co/lmqg/bart-base-squad-qg),[`facebook/bart-base`](https://huggingface.co/facebook/bart-base),[`lmqg/qg_squad`](https://huggingface.co/datasets/lmqg/qg_squad),[`lmqg/qg_subjqa`](https://huggingface.co/datasets/lmqg/qg_subjqa),grocery,9.17,4.42,1.54,0.6,15.53,12.49,87.38,56.63
[`lmqg/bart-base-subjqa-grocery-qg`](https://huggingface.co/lmqg/bart-base-subjqa-grocery-qg),[`facebook/bart-base`](https://huggingface.co/facebook/bart-base),[`lmqg/qg_squad`](https://huggingface.co/datasets/lmqg/qg_squad) + [`lmqg/qg_subjqa`](https://huggingface.co/datasets/lmqg/qg_subjqa),[`lmqg/qg_subjqa`](https://huggingface.co/datasets/lmqg/qg_subjqa),grocery,23.71,15.47,4.58,1.82,20.8,24.54,94.09,65.76
[`research-backup/bart-base-subjqa-vanilla-grocery-qg`](https://huggingface.co/research-backup/bart-base-subjqa-vanilla-grocery-qg),[`facebook/bart-base`](https://huggingface.co/facebook/bart-base),[`lmqg/qg_subjqa`](https://huggingface.co/datasets/lmqg/qg_subjqa),[`lmqg/qg_subjqa`](https://huggingface.co/datasets/lmqg/qg_subjqa),grocery,3.45,1.86,0.78,0.33,12.37,7.39,83.16,52.94
[`lmqg/bart-base-squad-qg`](https://huggingface.co/lmqg/bart-base-squad-qg),[`facebook/bart-base`](https://huggingface.co/facebook/bart-base),[`lmqg/qg_squad`](https://huggingface.co/datasets/lmqg/qg_squad),[`lmqg/qg_subjqa`](https://huggingface.co/datasets/lmqg/qg_subjqa),movies,10.71,4.86,1.96,1.08,12.86,13.9,87.73,55.55
[`lmqg/bart-base-subjqa-movies-qg`](https://huggingface.co/lmqg/bart-base-subjqa-movies-qg),[`facebook/bart-base`](https://huggingface.co/facebook/bart-base),[`lmqg/qg_squad`](https://huggingface.co/datasets/lmqg/qg_squad) + [`lmqg/qg_subjqa`](https://huggingface.co/datasets/lmqg/qg_subjqa),[`lmqg/qg_subjqa`](https://huggingface.co/datasets/lmqg/qg_subjqa),movies,24.72,16.15,6.83,3.89,20.55,25.43,93.61,62.91
[`research-backup/bart-base-subjqa-vanilla-movies-qg`](https://huggingface.co/research-backup/bart-base-subjqa-vanilla-movies-qg),[`facebook/bart-base`](https://huggingface.co/facebook/bart-base),[`lmqg/qg_subjqa`](https://huggingface.co/datasets/lmqg/qg_subjqa),[`lmqg/qg_subjqa`](https://huggingface.co/datasets/lmqg/qg_subjqa),movies,11.04,6.37,1.36,0.0,17.16,20.32,91.41,59.41
[`lmqg/bart-base-squad-qg`](https://huggingface.co/lmqg/bart-base-squad-qg),[`facebook/bart-base`](https://huggingface.co/facebook/bart-base),[`lmqg/qg_squad`](https://huggingface.co/datasets/lmqg/qg_squad),[`lmqg/qg_subjqa`](https://huggingface.co/datasets/lmqg/qg_subjqa),restaurants,8.73,3.48,0.0,0.0,11.47,12.16,87.71,54.91
[`lmqg/bart-base-subjqa-restaurants-qg`](https://huggingface.co/lmqg/bart-base-subjqa-restaurants-qg),[`facebook/bart-base`](https://huggingface.co/facebook/bart-base),[`lmqg/qg_squad`](https://huggingface.co/datasets/lmqg/qg_squad) + [`lmqg/qg_subjqa`](https://huggingface.co/datasets/lmqg/qg_subjqa),[`lmqg/qg_subjqa`](https://huggingface.co/datasets/lmqg/qg_subjqa),restaurants,22.9,14.6,6.11,3.43,21.35,24.26,93.23,62.67
[`research-backup/bart-base-subjqa-vanilla-restaurants-qg`](https://huggingface.co/research-backup/bart-base-subjqa-vanilla-restaurants-qg),[`facebook/bart-base`](https://huggingface.co/facebook/bart-base),[`lmqg/qg_subjqa`](https://huggingface.co/datasets/lmqg/qg_subjqa),[`lmqg/qg_subjqa`](https://huggingface.co/datasets/lmqg/qg_subjqa),restaurants,3.31,1.69,0.46,0.0,10.03,7.32,82.92,51.76
[`lmqg/bart-base-squad-qg`](https://huggingface.co/lmqg/bart-base-squad-qg),[`facebook/bart-base`](https://huggingface.co/facebook/bart-base),[`lmqg/qg_squad`](https://huggingface.co/datasets/lmqg/qg_squad),[`lmqg/qg_subjqa`](https://huggingface.co/datasets/lmqg/qg_subjqa),tripadvisor,10.02,4.34,1.81,1.02,13.92,13.41,88.78,55.91
[`lmqg/bart-base-subjqa-tripadvisor-qg`](https://huggingface.co/lmqg/bart-base-subjqa-tripadvisor-qg),[`facebook/bart-base`](https://huggingface.co/facebook/bart-base),[`lmqg/qg_squad`](https://huggingface.co/datasets/lmqg/qg_squad) + [`lmqg/qg_subjqa`](https://huggingface.co/datasets/lmqg/qg_subjqa),[`lmqg/qg_subjqa`](https://huggingface.co/datasets/lmqg/qg_subjqa),tripadvisor,24.3,15.98,8.03,4.79,25.26,26.37,93.92,64.91
[`research-backup/bart-base-subjqa-vanilla-tripadvisor-qg`](https://huggingface.co/research-backup/bart-base-subjqa-vanilla-tripadvisor-qg),[`facebook/bart-base`](https://huggingface.co/facebook/bart-base),[`lmqg/qg_subjqa`](https://huggingface.co/datasets/lmqg/qg_subjqa),[`lmqg/qg_subjqa`](https://huggingface.co/datasets/lmqg/qg_subjqa),tripadvisor,24.24,15.51,2.67,0.0,19.79,25.94,93.44,62.68
[`lmqg/bart-base-squad-qg`](https://huggingface.co/lmqg/bart-base-squad-qg),[`facebook/bart-base`](https://huggingface.co/facebook/bart-base),[`lmqg/qg_squad`](https://huggingface.co/datasets/lmqg/qg_squad),[`lmqg/qg_squadshifts`](https://huggingface.co/datasets/lmqg/qg_squadshifts),new_wiki,29.73,20.11,14.44,10.73,26.23,28.44,93.07,65.67
[`lmqg/bart-base-squadshifts-new_wiki-qg`](https://huggingface.co/lmqg/bart-base-squadshifts-new_wiki-qg),[`facebook/bart-base`](https://huggingface.co/facebook/bart-base),[`lmqg/qg_squad`](https://huggingface.co/datasets/lmqg/qg_squad) + [`lmqg/qg_squadshifts`](https://huggingface.co/datasets/lmqg/qg_squadshifts),[`lmqg/qg_squadshifts`](https://huggingface.co/datasets/lmqg/qg_squadshifts),new_wiki,30.38,20.98,15.24,11.5,26.6,29.0,93.12,65.86
[`research-backup/bart-base-squadshifts-vanilla-new_wiki-qg`](https://huggingface.co/research-backup/bart-base-squadshifts-vanilla-new_wiki-qg),[`facebook/bart-base`](https://huggingface.co/facebook/bart-base),[`lmqg/qg_squadshifts`](https://huggingface.co/datasets/lmqg/qg_squadshifts),[`lmqg/qg_squadshifts`](https://huggingface.co/datasets/lmqg/qg_squadshifts),new_wiki,29.14,19.48,13.85,10.27,23.65,26.47,92.97,64.36
[`lmqg/bart-base-squad-qg`](https://huggingface.co/lmqg/bart-base-squad-qg),[`facebook/bart-base`](https://huggingface.co/facebook/bart-base),[`lmqg/qg_squad`](https://huggingface.co/datasets/lmqg/qg_squad),[`lmqg/qg_squadshifts`](https://huggingface.co/datasets/lmqg/qg_squadshifts),nyt,23.83,15.44,10.69,7.65,24.43,23.9,92.36,63.69
[`lmqg/bart-base-squadshifts-nyt-qg`](https://huggingface.co/lmqg/bart-base-squadshifts-nyt-qg),[`facebook/bart-base`](https://huggingface.co/facebook/bart-base),[`lmqg/qg_squad`](https://huggingface.co/datasets/lmqg/qg_squad) + [`lmqg/qg_squadshifts`](https://huggingface.co/datasets/lmqg/qg_squadshifts),[`lmqg/qg_squadshifts`](https://huggingface.co/datasets/lmqg/qg_squadshifts),nyt,25.26,16.85,11.93,8.78,25.13,24.85,92.86,64.99
[`research-backup/bart-base-squadshifts-vanilla-nyt-qg`](https://huggingface.co/research-backup/bart-base-squadshifts-vanilla-nyt-qg),[`facebook/bart-base`](https://huggingface.co/facebook/bart-base),[`lmqg/qg_squadshifts`](https://huggingface.co/datasets/lmqg/qg_squadshifts),[`lmqg/qg_squadshifts`](https://huggingface.co/datasets/lmqg/qg_squadshifts),nyt,23.63,15.34,10.58,7.56,22.84,22.89,92.42,63.53
[`lmqg/bart-base-squad-qg`](https://huggingface.co/lmqg/bart-base-squad-qg),[`facebook/bart-base`](https://huggingface.co/facebook/bart-base),[`lmqg/qg_squad`](https://huggingface.co/datasets/lmqg/qg_squad),[`lmqg/qg_squadshifts`](https://huggingface.co/datasets/lmqg/qg_squadshifts),reddit,21.0,12.64,8.08,5.38,20.4,21.41,90.57,60.14
[`lmqg/bart-base-squadshifts-reddit-qg`](https://huggingface.co/lmqg/bart-base-squadshifts-reddit-qg),[`facebook/bart-base`](https://huggingface.co/facebook/bart-base),[`lmqg/qg_squad`](https://huggingface.co/datasets/lmqg/qg_squad) + [`lmqg/qg_squadshifts`](https://huggingface.co/datasets/lmqg/qg_squadshifts),[`lmqg/qg_squadshifts`](https://huggingface.co/datasets/lmqg/qg_squadshifts),reddit,27.23,18.19,12.43,8.78,22.57,26.03,92.32,62.35
[`research-backup/bart-base-squadshifts-vanilla-reddit-qg`](https://huggingface.co/research-backup/bart-base-squadshifts-vanilla-reddit-qg),[`facebook/bart-base`](https://huggingface.co/facebook/bart-base),[`lmqg/qg_squadshifts`](https://huggingface.co/datasets/lmqg/qg_squadshifts),[`lmqg/qg_squadshifts`](https://huggingface.co/datasets/lmqg/qg_squadshifts),reddit,25.35,16.53,10.97,7.52,21.32,24.67,91.89,61.44
[`lmqg/bart-base-squad-qg`](https://huggingface.co/lmqg/bart-base-squad-qg),[`facebook/bart-base`](https://huggingface.co/facebook/bart-base),[`lmqg/qg_squad`](https://huggingface.co/datasets/lmqg/qg_squad),[`lmqg/qg_squadshifts`](https://huggingface.co/datasets/lmqg/qg_squadshifts),amazon,22.39,13.63,8.74,5.82,21.27,23.82,90.49,60.27
[`lmqg/bart-base-squadshifts-amazon-qg`](https://huggingface.co/lmqg/bart-base-squadshifts-amazon-qg),[`facebook/bart-base`](https://huggingface.co/facebook/bart-base),[`lmqg/qg_squad`](https://huggingface.co/datasets/lmqg/qg_squad) + [`lmqg/qg_squadshifts`](https://huggingface.co/datasets/lmqg/qg_squadshifts),[`lmqg/qg_squadshifts`](https://huggingface.co/datasets/lmqg/qg_squadshifts),amazon,29.48,19.95,13.91,9.92,22.78,27.94,92.77,63.25
[`research-backup/bart-base-squadshifts-vanilla-amazon-qg`](https://huggingface.co/research-backup/bart-base-squadshifts-vanilla-amazon-qg),[`facebook/bart-base`](https://huggingface.co/facebook/bart-base),[`lmqg/qg_squadshifts`](https://huggingface.co/datasets/lmqg/qg_squadshifts),[`lmqg/qg_squadshifts`](https://huggingface.co/datasets/lmqg/qg_squadshifts),amazon,27.6,18.2,12.42,8.68,21.82,26.61,92.35,62.53
[`lmqg/bart-large-squad-qg`](https://huggingface.co/lmqg/bart-large-squad-qg),[`facebook/bart-large`](https://huggingface.co/facebook/bart-large),[`lmqg/qg_squad`](https://huggingface.co/datasets/lmqg/qg_squad),[`lmqg/qg_subjqa`](https://huggingface.co/datasets/lmqg/qg_subjqa),books,9.52,4.05,1.28,0.63,11.58,12.37,88.07,55.56
[`lmqg/bart-large-subjqa-books-qg`](https://huggingface.co/lmqg/bart-large-subjqa-books-qg),[`facebook/bart-large`](https://huggingface.co/facebook/bart-large),[`lmqg/qg_squad`](https://huggingface.co/datasets/lmqg/qg_squad) + [`lmqg/qg_subjqa`](https://huggingface.co/datasets/lmqg/qg_subjqa),[`lmqg/qg_subjqa`](https://huggingface.co/datasets/lmqg/qg_subjqa),books,22.32,13.74,4.78,0.0,20.6,23.71,92.84,62.45
[`research-backup/bart-large-subjqa-vanilla-books-qg`](https://huggingface.co/research-backup/bart-large-subjqa-vanilla-books-qg),[`facebook/bart-large`](https://huggingface.co/facebook/bart-large),[`lmqg/qg_subjqa`](https://huggingface.co/datasets/lmqg/qg_subjqa),[`lmqg/qg_subjqa`](https://huggingface.co/datasets/lmqg/qg_subjqa),books,3.21,1.01,0.28,0.0,7.11,5.84,81.75,49.07
[`lmqg/bart-large-squad-qg`](https://huggingface.co/lmqg/bart-large-squad-qg),[`facebook/bart-large`](https://huggingface.co/facebook/bart-large),[`lmqg/qg_squad`](https://huggingface.co/datasets/lmqg/qg_squad),[`lmqg/qg_subjqa`](https://huggingface.co/datasets/lmqg/qg_subjqa),electronics,11.88,5.76,2.08,0.87,15.35,16.02,87.83,56.35
[`lmqg/bart-large-subjqa-electronics-qg`](https://huggingface.co/lmqg/bart-large-subjqa-electronics-qg),[`facebook/bart-large`](https://huggingface.co/facebook/bart-large),[`lmqg/qg_squad`](https://huggingface.co/datasets/lmqg/qg_squad) + [`lmqg/qg_subjqa`](https://huggingface.co/datasets/lmqg/qg_subjqa),[`lmqg/qg_subjqa`](https://huggingface.co/datasets/lmqg/qg_subjqa),electronics,28.11,19.75,9.66,5.18,25.17,28.87,93.51,65.68
[`research-backup/bart-large-subjqa-vanilla-electronics-qg`](https://huggingface.co/research-backup/bart-large-subjqa-vanilla-electronics-qg),[`facebook/bart-large`](https://huggingface.co/facebook/bart-large),[`lmqg/qg_subjqa`](https://huggingface.co/datasets/lmqg/qg_subjqa),[`lmqg/qg_subjqa`](https://huggingface.co/datasets/lmqg/qg_subjqa),electronics,4.82,2.32,0.79,0.34,11.35,13.67,85.69,54.66
[`lmqg/bart-large-squad-qg`](https://huggingface.co/lmqg/bart-large-squad-qg),[`facebook/bart-large`](https://huggingface.co/facebook/bart-large),[`lmqg/qg_squad`](https://huggingface.co/datasets/lmqg/qg_squad),[`lmqg/qg_subjqa`](https://huggingface.co/datasets/lmqg/qg_subjqa),grocery,9.11,3.97,1.27,0.53,15.13,12.34,87.79,57.02
[`lmqg/bart-large-subjqa-grocery-qg`](https://huggingface.co/lmqg/bart-large-subjqa-grocery-qg),[`facebook/bart-large`](https://huggingface.co/facebook/bart-large),[`lmqg/qg_squad`](https://huggingface.co/datasets/lmqg/qg_squad) + [`lmqg/qg_subjqa`](https://huggingface.co/datasets/lmqg/qg_subjqa),[`lmqg/qg_subjqa`](https://huggingface.co/datasets/lmqg/qg_subjqa),grocery,23.2,15.22,4.85,1.93,20.42,24.28,94.1,65.79
[`research-backup/bart-large-subjqa-vanilla-grocery-qg`](https://huggingface.co/research-backup/bart-large-subjqa-vanilla-grocery-qg),[`facebook/bart-large`](https://huggingface.co/facebook/bart-large),[`lmqg/qg_subjqa`](https://huggingface.co/datasets/lmqg/qg_subjqa),[`lmqg/qg_subjqa`](https://huggingface.co/datasets/lmqg/qg_subjqa),grocery,21.79,14.1,4.33,1.96,20.83,23.6,93.29,63.59
[`lmqg/bart-large-squad-qg`](https://huggingface.co/lmqg/bart-large-squad-qg),[`facebook/bart-large`](https://huggingface.co/facebook/bart-large),[`lmqg/qg_squad`](https://huggingface.co/datasets/lmqg/qg_squad),[`lmqg/qg_subjqa`](https://huggingface.co/datasets/lmqg/qg_subjqa),movies,9.52,3.71,1.04,0.0,11.86,12.51,87.49,55.29
[`lmqg/bart-large-subjqa-movies-qg`](https://huggingface.co/lmqg/bart-large-subjqa-movies-qg),[`facebook/bart-large`](https://huggingface.co/facebook/bart-large),[`lmqg/qg_squad`](https://huggingface.co/datasets/lmqg/qg_squad) + [`lmqg/qg_subjqa`](https://huggingface.co/datasets/lmqg/qg_subjqa),[`lmqg/qg_subjqa`](https://huggingface.co/datasets/lmqg/qg_subjqa),movies,24.17,15.78,7.05,4.21,21.64,25.92,93.23,62.4
[`research-backup/bart-large-subjqa-vanilla-movies-qg`](https://huggingface.co/research-backup/bart-large-subjqa-vanilla-movies-qg),[`facebook/bart-large`](https://huggingface.co/facebook/bart-large),[`lmqg/qg_subjqa`](https://huggingface.co/datasets/lmqg/qg_subjqa),[`lmqg/qg_subjqa`](https://huggingface.co/datasets/lmqg/qg_subjqa),movies,24.43,16.31,7.65,4.81,20.01,25.77,93.42,61.02
[`lmqg/bart-large-squad-qg`](https://huggingface.co/lmqg/bart-large-squad-qg),[`facebook/bart-large`](https://huggingface.co/facebook/bart-large),[`lmqg/qg_squad`](https://huggingface.co/datasets/lmqg/qg_squad),[`lmqg/qg_subjqa`](https://huggingface.co/datasets/lmqg/qg_subjqa),restaurants,9.32,4.16,1.16,0.0,12.42,13.08,87.98,55.43
[`lmqg/bart-large-subjqa-restaurants-qg`](https://huggingface.co/lmqg/bart-large-subjqa-restaurants-qg),[`facebook/bart-large`](https://huggingface.co/facebook/bart-large),[`lmqg/qg_squad`](https://huggingface.co/datasets/lmqg/qg_squad) + [`lmqg/qg_subjqa`](https://huggingface.co/datasets/lmqg/qg_subjqa),[`lmqg/qg_subjqa`](https://huggingface.co/datasets/lmqg/qg_subjqa),restaurants,23.25,15.35,8.41,5.54,22.46,24.77,93.23,63.57
[`research-backup/bart-large-subjqa-vanilla-restaurants-qg`](https://huggingface.co/research-backup/bart-large-subjqa-vanilla-restaurants-qg),[`facebook/bart-large`](https://huggingface.co/facebook/bart-large),[`lmqg/qg_subjqa`](https://huggingface.co/datasets/lmqg/qg_subjqa),[`lmqg/qg_subjqa`](https://huggingface.co/datasets/lmqg/qg_subjqa),restaurants,19.12,13.06,8.01,5.75,19.07,23.23,92.0,58.93
[`lmqg/bart-large-squad-qg`](https://huggingface.co/lmqg/bart-large-squad-qg),[`facebook/bart-large`](https://huggingface.co/facebook/bart-large),[`lmqg/qg_squad`](https://huggingface.co/datasets/lmqg/qg_squad),[`lmqg/qg_subjqa`](https://huggingface.co/datasets/lmqg/qg_subjqa),tripadvisor,10.27,3.8,1.11,0.0,13.72,14.03,88.91,56.05
[`lmqg/bart-large-subjqa-tripadvisor-qg`](https://huggingface.co/lmqg/bart-large-subjqa-tripadvisor-qg),[`facebook/bart-large`](https://huggingface.co/facebook/bart-large),[`lmqg/qg_squad`](https://huggingface.co/datasets/lmqg/qg_squad) + [`lmqg/qg_subjqa`](https://huggingface.co/datasets/lmqg/qg_subjqa),[`lmqg/qg_subjqa`](https://huggingface.co/datasets/lmqg/qg_subjqa),tripadvisor,24.27,16.35,8.82,5.66,24.32,26.5,93.85,64.02
[`research-backup/bart-large-subjqa-vanilla-tripadvisor-qg`](https://huggingface.co/research-backup/bart-large-subjqa-vanilla-tripadvisor-qg),[`facebook/bart-large`](https://huggingface.co/facebook/bart-large),[`lmqg/qg_subjqa`](https://huggingface.co/datasets/lmqg/qg_subjqa),[`lmqg/qg_subjqa`](https://huggingface.co/datasets/lmqg/qg_subjqa),tripadvisor,3.06,1.22,0.31,0.0,7.89,5.99,81.75,49.6
[`lmqg/bart-large-squad-qg`](https://huggingface.co/lmqg/bart-large-squad-qg),[`facebook/bart-large`](https://huggingface.co/facebook/bart-large),[`lmqg/qg_squad`](https://huggingface.co/datasets/lmqg/qg_squad),[`lmqg/qg_squadshifts`](https://huggingface.co/datasets/lmqg/qg_squadshifts),new_wiki,30.08,20.54,14.87,11.12,27.32,29.68,93.23,66.23
[`lmqg/bart-large-squadshifts-new_wiki-qg`](https://huggingface.co/lmqg/bart-large-squadshifts-new_wiki-qg),[`facebook/bart-large`](https://huggingface.co/facebook/bart-large),[`lmqg/qg_squad`](https://huggingface.co/datasets/lmqg/qg_squad) + [`lmqg/qg_squadshifts`](https://huggingface.co/datasets/lmqg/qg_squadshifts),[`lmqg/qg_squadshifts`](https://huggingface.co/datasets/lmqg/qg_squadshifts),new_wiki,31.2,21.73,15.95,12.12,27.12,29.94,93.39,66.22
[`research-backup/bart-large-squadshifts-vanilla-new_wiki-qg`](https://huggingface.co/research-backup/bart-large-squadshifts-vanilla-new_wiki-qg),[`facebook/bart-large`](https://huggingface.co/facebook/bart-large),[`lmqg/qg_squadshifts`](https://huggingface.co/datasets/lmqg/qg_squadshifts),[`lmqg/qg_squadshifts`](https://huggingface.co/datasets/lmqg/qg_squadshifts),new_wiki,29.23,19.92,14.42,10.85,25.62,28.07,92.85,64.97
[`lmqg/bart-large-squad-qg`](https://huggingface.co/lmqg/bart-large-squad-qg),[`facebook/bart-large`](https://huggingface.co/facebook/bart-large),[`lmqg/qg_squad`](https://huggingface.co/datasets/lmqg/qg_squad),[`lmqg/qg_squadshifts`](https://huggingface.co/datasets/lmqg/qg_squadshifts),nyt,24.53,16.09,11.23,8.12,25.25,25.29,92.49,64.06
[`lmqg/bart-large-squadshifts-nyt-qg`](https://huggingface.co/lmqg/bart-large-squadshifts-nyt-qg),[`facebook/bart-large`](https://huggingface.co/facebook/bart-large),[`lmqg/qg_squad`](https://huggingface.co/datasets/lmqg/qg_squad) + [`lmqg/qg_squadshifts`](https://huggingface.co/datasets/lmqg/qg_squadshifts),[`lmqg/qg_squadshifts`](https://huggingface.co/datasets/lmqg/qg_squadshifts),nyt,25.82,17.11,12.03,8.74,25.08,25.28,93.04,65.02
[`research-backup/bart-large-squadshifts-vanilla-nyt-qg`](https://huggingface.co/research-backup/bart-large-squadshifts-vanilla-nyt-qg),[`facebook/bart-large`](https://huggingface.co/facebook/bart-large),[`lmqg/qg_squadshifts`](https://huggingface.co/datasets/lmqg/qg_squadshifts),[`lmqg/qg_squadshifts`](https://huggingface.co/datasets/lmqg/qg_squadshifts),nyt,24.7,16.38,11.53,8.43,24.58,24.57,92.67,64.38
[`lmqg/bart-large-squad-qg`](https://huggingface.co/lmqg/bart-large-squad-qg),[`facebook/bart-large`](https://huggingface.co/facebook/bart-large),[`lmqg/qg_squad`](https://huggingface.co/datasets/lmqg/qg_squad),[`lmqg/qg_squadshifts`](https://huggingface.co/datasets/lmqg/qg_squadshifts),reddit,21.51,13.36,8.76,5.95,21.5,22.37,90.95,60.59
[`lmqg/bart-large-squadshifts-reddit-qg`](https://huggingface.co/lmqg/bart-large-squadshifts-reddit-qg),[`facebook/bart-large`](https://huggingface.co/facebook/bart-large),[`lmqg/qg_squad`](https://huggingface.co/datasets/lmqg/qg_squad) + [`lmqg/qg_squadshifts`](https://huggingface.co/datasets/lmqg/qg_squadshifts),[`lmqg/qg_squadshifts`](https://huggingface.co/datasets/lmqg/qg_squadshifts),reddit,27.66,18.79,13.04,9.31,23.75,27.31,92.5,62.64
[`research-backup/bart-large-squadshifts-vanilla-reddit-qg`](https://huggingface.co/research-backup/bart-large-squadshifts-vanilla-reddit-qg),[`facebook/bart-large`](https://huggingface.co/facebook/bart-large),[`lmqg/qg_squadshifts`](https://huggingface.co/datasets/lmqg/qg_squadshifts),[`lmqg/qg_squadshifts`](https://huggingface.co/datasets/lmqg/qg_squadshifts),reddit,26.22,16.98,11.22,7.74,20.72,24.81,92.19,61.37
[`lmqg/bart-large-squad-qg`](https://huggingface.co/lmqg/bart-large-squad-qg),[`facebook/bart-large`](https://huggingface.co/facebook/bart-large),[`lmqg/qg_squad`](https://huggingface.co/datasets/lmqg/qg_squad),[`lmqg/qg_squadshifts`](https://huggingface.co/datasets/lmqg/qg_squadshifts),amazon,23.23,14.53,9.57,6.53,22.3,25.03,90.93,60.87
[`lmqg/bart-large-squadshifts-amazon-qg`](https://huggingface.co/lmqg/bart-large-squadshifts-amazon-qg),[`facebook/bart-large`](https://huggingface.co/facebook/bart-large),[`lmqg/qg_squad`](https://huggingface.co/datasets/lmqg/qg_squad) + [`lmqg/qg_squadshifts`](https://huggingface.co/datasets/lmqg/qg_squadshifts),[`lmqg/qg_squadshifts`](https://huggingface.co/datasets/lmqg/qg_squadshifts),amazon,28.9,19.57,13.66,9.8,23.79,28.69,92.49,63.31
[`research-backup/bart-large-squadshifts-vanilla-amazon-qg`](https://huggingface.co/research-backup/bart-large-squadshifts-vanilla-amazon-qg),[`facebook/bart-large`](https://huggingface.co/facebook/bart-large),[`lmqg/qg_squadshifts`](https://huggingface.co/datasets/lmqg/qg_squadshifts),[`lmqg/qg_squadshifts`](https://huggingface.co/datasets/lmqg/qg_squadshifts),amazon,28.19,18.89,12.92,9.1,23.04,27.85,92.3,62.81
